run,x,vx,vz,theta_deg,omega_degs,outcome
0,0.035378,-0.046445,-0.582282,0.697498,0.361190,soft
1,-0.007117,-0.000836,-0.579666,0.101823,-0.108831,soft
2,0.008318,-0.018773,-0.580181,0.351201,0.058841,soft
3,0.001140,-0.016597,-0.580137,0.382007,-0.040231,soft
4,-0.020123,-0.028063,-0.582221,0.898019,-0.393206,soft
5,0.029277,0.018703,-0.581960,-0.780913,0.496467,soft
6,-0.335772,-0.376430,-0.598433,12.512456,-6.038897,fail
7,0.020260,-0.003203,-0.580297,-0.156801,0.289688,soft
8,-0.022511,-0.007916,-0.580734,0.447192,-0.360876,soft
9,-0.006202,0.001151,-0.579644,0.043979,-0.088402,soft
10,-0.007273,0.003000,-0.579998,0.012269,-0.097770,soft
11,-0.129556,0.120377,-0.578451,-1.361410,-1.407053,soft
12,0.009684,0.007289,-0.580047,-0.284979,0.169036,soft
13,-0.106948,-0.747986,-0.598612,18.322877,-3.856720,fail
14,-0.010092,-0.014662,-0.580401,0.465077,-0.200315,soft
15,0.307855,-0.083181,-0.583938,-1.562253,3.894541,soft
16,0.002246,0.026844,-0.581090,-0.664395,0.125737,soft
17,-0.027743,-0.007541,-0.581343,0.498170,-0.436123,soft
18,0.061850,-0.049194,-0.583553,0.458583,0.737872,soft
19,0.008458,-0.002199,-0.579648,-0.044987,0.118334,soft
20,-0.412562,-0.167891,-0.598071,8.550770,-6.120927,acceptable
21,-0.009364,0.014198,-0.580264,-0.230255,-0.090066,soft
22,0.427621,-1.271103,-0.587006,20.572808,-0.331848,fail
23,0.000426,0.056541,-0.584269,-1.346330,0.200462,soft
24,-0.013769,0.061827,-0.584311,-1.309086,0.010979,soft
25,0.159073,-0.114482,-0.579839,0.882267,1.841691,soft
26,-0.318538,0.007317,-0.587881,3.457538,-4.338159,soft
27,0.093129,-0.115329,-0.575886,1.663209,0.917030,soft
28,-0.016543,0.005636,-0.580057,0.056170,-0.226530,soft
29,0.009264,-0.003034,-0.579644,-0.034379,0.127483,soft
30,0.001592,0.039702,-0.582401,-0.961641,0.160256,soft
31,-0.290872,0.125374,-0.582451,0.379048,-3.490907,soft
32,-0.014145,-0.005727,-0.580052,0.299107,-0.229969,soft
33,-0.028523,0.044759,-0.582240,-0.736189,-0.266049,soft
34,-0.004809,-0.002042,-0.579900,0.103958,-0.078553,soft
35,-0.016198,0.004101,-0.579972,0.088758,-0.226805,soft
36,0.143031,-0.123632,-0.579461,1.282884,1.582726,soft
37,0.002089,-0.016844,-0.580412,0.376873,-0.027081,soft
38,-0.012754,-0.033709,-0.582142,0.947715,-0.304070,soft
39,0.021701,-0.042287,-0.581802,0.756013,0.174636,soft
40,0.275182,-0.043950,-0.578258,-2.122633,3.647588,soft
41,-0.221270,0.118469,-0.587126,-0.264217,-2.660311,soft
42,-0.008195,0.052338,-0.583249,-1.148855,0.059551,soft
43,-0.003337,0.003338,-0.579567,-0.041087,-0.038218,soft
44,0.114064,-0.068157,-0.571887,0.303427,1.407647,soft
45,0.017722,0.011792,-0.580762,-0.484364,0.303261,soft
46,0.100111,-0.090126,-0.572689,0.987093,1.121379,soft
47,-0.002617,0.008015,-0.579798,-0.160750,-0.011342,soft
48,-0.355388,-0.067578,-0.586881,5.629326,-5.042545,acceptable
49,0.344980,-0.066429,-0.592088,-2.361817,4.406340,soft
50,-0.011611,0.006428,-0.579763,-0.019445,-0.150676,soft
51,0.033317,0.877888,-0.603665,-19.745265,1.760387,fail
52,0.013171,-0.004293,-0.579790,-0.049356,0.181158,soft
53,0.016975,-0.039952,-0.581737,0.754895,0.113109,soft
54,0.008213,-0.004606,-0.579792,0.015156,0.106347,soft
55,-0.046254,0.082565,-0.586516,-1.426323,-0.388230,soft
56,-0.328501,0.001238,-0.590288,3.706369,-4.484328,soft
57,0.015047,-0.038855,-0.581737,0.750961,0.088369,soft
58,-0.015643,-0.033605,-0.582430,0.978099,-0.346019,soft
59,-0.024063,-0.013690,-0.581492,0.602092,-0.402908,soft
60,0.027055,-0.874235,-0.595002,19.526749,-2.263135,fail
61,0.001656,0.003905,-0.579669,-0.112048,0.038087,soft
62,-0.002042,-0.019927,-0.580494,0.497766,-0.098936,soft
63,-0.041310,0.074861,-0.585708,-1.301153,-0.343537,soft
64,0.002600,-0.005495,-0.579617,0.100956,0.019784,soft
65,-0.216923,-0.530575,-0.598323,14.752627,-5.195032,fail
66,-0.000521,-0.002562,-0.579545,0.067026,-0.016578,soft
67,-0.002215,0.002215,-0.579535,-0.027265,-0.025376,soft
68,0.002287,0.986905,-0.603836,-20.161385,0.752573,fail
69,-0.010506,-0.005716,-0.579856,0.257031,-0.175962,soft
70,-0.001771,0.013551,-0.579940,-0.302272,0.020341,soft
71,-0.001609,0.005463,-0.579607,-0.111592,-0.005160,soft
72,0.022134,0.021842,-0.581646,-0.773656,0.402143,soft
73,-0.108966,0.068457,-0.571373,-0.369567,-1.334496,soft
74,-0.023328,0.008093,-0.580466,0.075691,-0.318191,soft
75,-0.004653,-0.041393,-0.582411,1.036982,-0.210907,soft
76,-0.014237,-0.000453,-0.579747,0.174667,-0.213428,soft
77,0.012329,0.006627,-0.580189,-0.299619,0.206007,soft
78,0.009261,0.010249,-0.580040,-0.350582,0.172930,soft
79,0.020882,0.001783,-0.580727,-0.282573,0.315750,soft
80,0.003046,-0.011310,-0.579899,0.234251,0.006342,soft
81,-0.029081,0.043469,-0.582370,-0.699047,-0.278330,soft
82,-0.143103,-0.740504,-0.601443,18.420462,-3.732579,fail
83,-0.020726,0.010646,-0.580434,-0.014982,-0.270750,soft
84,-0.026732,0.022885,-0.580992,-0.237119,-0.316846,soft
85,-0.026050,-0.002132,-0.580737,0.350269,-0.393453,soft
86,-0.076288,0.091289,-0.588299,-1.287894,-0.788383,soft
87,0.003478,0.017993,-0.580344,-0.468278,0.113621,soft
88,-0.021381,-0.025822,-0.581869,0.859499,-0.404453,soft
89,-0.001509,0.000955,-0.579656,-0.005365,-0.019195,soft
90,0.204832,-0.121066,-0.585506,0.512701,2.427161,soft
91,-0.036516,0.072176,-0.584992,-1.293202,-0.285153,soft
92,-0.011859,-0.015562,-0.580526,0.506776,-0.229565,soft
93,-0.001441,-0.033939,-0.581780,0.823461,-0.138229,soft
94,-0.010207,0.001708,-0.579680,0.076821,-0.146100,soft
95,0.006819,-0.004333,-0.579714,0.024695,0.086582,soft
96,0.163976,-0.088277,-0.578545,0.206162,2.013234,soft
97,-0.019536,0.005847,-0.580219,0.085577,-0.270068,soft
98,-0.024078,0.003676,-0.580632,0.189426,-0.344259,soft
99,0.030161,-0.003780,-0.580979,-0.256805,0.433457,soft
100,0.020847,-0.025989,-0.580878,0.378651,0.219203,soft
101,0.013133,-0.005356,-0.580005,-0.023604,0.176731,soft
102,-0.005441,0.020525,-0.580275,-0.425984,-0.010069,soft
103,-0.305045,-0.756992,-0.598762,19.485367,-1.775478,fail
104,0.003593,-0.008721,-0.579902,0.166312,0.023416,soft
105,-0.223085,0.107474,-0.586729,0.015278,-2.732010,soft
106,0.302022,-0.042097,-0.583028,-2.463801,3.999215,soft
107,-0.013579,-0.032348,-0.582018,0.924939,-0.311642,soft
108,-0.018016,0.012237,-0.580506,-0.084022,-0.225063,soft
109,0.024330,0.002724,-0.580862,-0.344566,0.369959,soft
110,0.164919,-0.090871,-0.578208,0.256691,2.023623,soft
111,-0.007415,-0.042902,-0.582783,1.104243,-0.256561,soft
112,-0.012913,0.002337,-0.580062,0.092954,-0.183915,soft
113,-0.364453,-0.140327,-0.580915,7.456085,-5.456574,acceptable
114,-0.033742,0.019997,-0.581689,-0.087818,-0.428799,soft
115,0.028915,-0.037954,-0.581601,0.570236,0.296304,soft
116,0.013851,-0.017901,-0.580499,0.266724,0.143716,soft
117,-0.227966,0.088827,-0.587190,0.509464,-2.861370,soft
118,0.014553,-0.042799,-0.582302,0.849978,0.066807,soft
119,-0.208365,0.088941,-0.583988,0.285102,-2.610657,soft
120,0.011521,0.011043,-0.580353,-0.395406,0.209115,soft
121,0.033149,-0.036570,-0.582294,0.488469,0.361920,soft
122,-0.023945,0.003783,-0.580472,0.185367,-0.342171,soft
123,0.092748,-0.081976,-0.588079,0.879921,1.058967,soft
124,0.097959,-0.115559,-0.576147,1.612856,0.984729,soft
125,0.001790,-0.000259,-0.579570,-0.014446,0.025772,soft
126,-0.014234,-0.003122,-0.579973,0.238141,-0.222384,soft
127,-0.022085,-0.003973,-0.580452,0.348592,-0.341418,soft
128,-0.027386,-0.013069,-0.581626,0.625414,-0.449589,soft
129,-0.018137,-0.653445,-0.582937,15.464969,-3.025638,fail
130,-0.031811,0.026332,-0.581532,-0.260641,-0.378890,soft
131,-0.016542,0.072488,-0.585610,-1.528601,0.007563,soft
132,0.341323,0.078089,-0.583782,-5.730634,4.939907,acceptable
133,0.003956,0.003207,-0.579667,-0.121921,0.069941,soft
134,-0.269038,-0.405824,-0.586651,12.530872,-5.321151,fail
135,0.253772,-0.133633,-0.576858,0.236998,2.988440,soft
136,0.003485,0.058219,-0.584798,-1.420688,0.250669,soft
137,-0.007391,-0.004579,-0.579662,0.194123,-0.125783,soft
138,0.035405,-0.044471,-0.582245,0.650343,0.368557,soft
139,-0.024046,0.000401,-0.580406,0.267048,-0.355592,soft
140,-0.010839,-0.011906,-0.580213,0.408153,-0.202047,soft
141,0.002575,0.024677,-0.580881,-0.616742,0.123159,soft
142,-0.306893,-0.627685,-0.592796,17.629104,-4.501603,fail
143,-0.083327,0.088161,-0.571493,-1.135117,-0.890345,soft
144,-0.005550,-0.001427,-0.579692,0.097873,-0.087524,soft
145,0.044859,-0.081645,-0.586330,1.420739,0.371811,soft
146,-0.011150,0.012586,-0.580333,-0.171323,-0.122146,soft
147,-0.167131,0.096393,-0.578768,-0.362041,-2.032562,soft
148,-0.005045,0.002053,-0.579602,0.009185,-0.068082,soft
149,-0.031207,-0.003874,-0.581556,0.450695,-0.474479,soft
150,0.012279,-0.019467,-0.580375,0.322099,0.115153,soft
151,-0.326266,-0.403329,-0.587239,13.085859,-6.019554,fail
152,0.176169,0.768297,-0.605958,-19.021178,2.847923,fail
153,0.166863,-0.084919,-0.578094,0.093322,2.075996,soft
154,-0.022576,-0.027884,-0.582231,0.921978,-0.428741,soft
155,0.259326,-0.031194,-0.575220,-2.248165,3.505265,soft
156,0.133311,0.602266,-0.595554,-15.485550,4.355147,fail
157,0.277660,0.115531,-0.590896,-5.865030,4.242772,acceptable
158,0.016202,0.005197,-0.580025,-0.310144,0.258684,soft
159,-0.161736,0.106554,-0.579773,-0.664270,-1.905074,soft
160,0.252407,0.624700,-0.604511,-17.079629,4.979335,fail
161,-0.253953,0.118272,-0.576026,0.127650,-3.059972,soft
162,-0.008718,0.006013,-0.579763,-0.042863,-0.108983,soft
163,0.453967,0.180824,-0.596463,-9.307953,6.640074,acceptable
164,0.088628,-0.081667,-0.587318,0.920064,1.004244,soft
165,-0.023528,0.037984,-0.581764,-0.632761,-0.216288,soft
166,-0.427360,-0.017430,-0.583755,5.277778,-5.699659,acceptable
167,0.023557,0.017645,-0.581357,-0.690376,0.409098,soft
168,-0.003026,0.007653,-0.579841,-0.147396,-0.018655,soft
169,0.018903,-0.007580,-0.580190,-0.037024,0.254632,soft
170,-0.019796,-0.013002,-0.580709,0.537029,-0.338207,soft
171,-0.001498,0.028385,-0.581119,-0.657995,0.075653,soft
172,0.078747,-0.094924,-0.572475,1.348223,0.796567,soft
173,-0.430916,-0.133278,-0.599004,7.944607,-6.164347,acceptable
174,-0.024989,-0.016331,-0.581408,0.675540,-0.425683,soft
175,-0.025502,-0.001569,-0.580645,0.330636,-0.383680,soft
176,-0.006841,0.000928,-0.579601,0.056654,-0.098657,soft
177,0.031249,0.012256,-0.581487,-0.650504,0.503995,soft
178,0.025005,-0.006201,-0.580586,-0.140004,0.349421,soft
179,-0.001340,-0.008185,-0.579720,0.210359,-0.048121,soft
180,-0.441889,-0.138561,-0.585994,8.252785,-6.361024,acceptable
181,0.017343,-0.025616,-0.580719,0.410101,0.168777,soft
182,0.298834,-0.036195,-0.582526,-2.567458,3.983970,soft
183,0.288484,-0.053671,-0.580913,-2.040630,3.769069,soft
184,0.006595,-0.012487,-0.579942,0.221420,0.055017,soft
185,-0.087908,0.087514,-0.572110,-1.066332,-0.955474,soft
186,-0.016588,-0.008690,-0.580159,0.397717,-0.276337,soft
187,-0.059854,0.042028,-0.583219,-0.311400,-0.734253,soft
188,0.015295,-0.021026,-0.580706,0.324448,0.154177,soft
189,-0.008283,0.002859,-0.579509,0.027250,-0.113524,soft
190,0.021905,0.036024,-0.583393,-1.106596,0.445358,soft
191,0.011229,-0.057755,-0.583693,1.242154,-0.033860,soft
192,-0.009038,0.009439,-0.579907,-0.120750,-0.101893,soft
193,0.189731,-0.967906,-0.588994,20.020162,-1.274544,fail
194,-0.008889,0.009939,-0.579891,-0.134371,-0.097935,soft
195,0.431974,0.092687,-0.593039,-7.045724,6.055987,acceptable
196,0.007648,-0.017623,-0.580434,0.331468,0.052655,soft
197,-0.050599,0.092188,-0.588030,-1.602677,-0.415153,soft
198,0.208444,-0.110519,-0.585144,0.223078,2.521133,soft
199,-0.001100,0.008480,-0.579681,-0.189299,0.012824,soft
200,0.003166,0.043269,-0.582930,-1.064093,0.195508,soft
201,-0.136213,0.126227,-0.579445,-1.422524,-1.477043,soft
202,-0.191837,0.090451,-0.581255,0.061506,-2.392021,soft
203,-0.024048,-0.000182,-0.580672,0.280886,-0.357213,soft
204,0.103378,0.916311,-0.609015,-20.067648,0.752015,fail
205,0.196923,0.611730,-0.595993,-16.395601,5.301768,fail
206,-0.023436,-0.012373,-0.580837,0.563855,-0.389870,soft
207,0.014236,-0.001974,-0.579807,-0.116833,0.204973,soft
208,0.377553,-0.022785,-0.585017,-3.770339,4.952582,soft
209,0.000824,-0.010366,-0.580016,0.237327,-0.023476,soft
210,-0.185640,0.113894,-0.582434,-0.563280,-2.207499,soft
211,-0.143383,0.093503,-0.576321,-0.566880,-1.715509,soft
212,-0.021249,0.000137,-0.580212,0.241205,-0.315221,soft
213,0.020327,0.000308,-0.580212,-0.241196,0.303035,soft
214,0.000654,-0.008726,-0.579658,0.200301,-0.020303,soft
215,0.012289,0.024346,-0.581360,-0.720230,0.265591,soft
216,0.186392,-0.118959,-0.583444,0.673977,2.186414,soft
217,-0.021276,-0.023404,-0.581461,0.801028,-0.394978,soft
218,-0.279378,0.125716,-0.580464,0.241170,-3.351213,soft
219,0.351655,0.092431,-0.588374,-6.163616,5.099482,acceptable
220,-0.070102,0.838275,-0.585689,-18.725528,2.910310,fail
221,0.001222,-0.031567,-0.581261,0.736779,-0.090662,soft
222,-0.373828,-0.098156,-0.594396,6.521592,-5.390240,acceptable
223,-0.229974,0.128522,-0.573265,-0.389182,-2.701744,soft
224,0.398831,0.202270,-0.599413,-9.188883,6.100710,acceptable
225,-0.139718,-0.748061,-0.602550,18.514973,-3.618624,fail
226,0.007487,-0.070452,-0.585946,1.583680,-0.132398,soft
227,0.004995,-0.002456,-0.579939,0.000985,0.065816,soft
228,-0.338270,-0.136540,-0.591406,7.027841,-5.066776,acceptable
229,0.030824,0.970037,-0.604500,-20.137029,0.742551,fail
230,0.361913,-0.053585,-0.579669,-2.884694,4.651819,soft
231,-0.001820,0.000122,-0.579580,0.018054,-0.026694,soft
232,0.031367,0.007448,-0.581721,-0.537460,0.488909,soft
233,0.011556,0.025253,-0.581100,-0.733561,0.257983,soft
234,0.018791,-0.008104,-0.580134,-0.023271,0.251298,soft
235,0.080160,-0.059431,-0.585048,0.491234,0.966077,soft
236,0.002488,-0.029501,-0.581342,0.673038,-0.064952,soft
237,0.020762,0.002409,-0.580448,-0.296152,0.316506,soft
238,0.409061,0.346640,-0.596888,-12.625953,6.734432,fail
239,0.355783,0.414905,-0.596366,-13.622138,6.463824,fail
240,-0.337146,-0.380026,-0.599370,12.600382,-6.059049,fail
241,0.019748,0.004179,-0.580604,-0.326571,0.307275,soft
242,-0.009877,-0.037878,-0.582422,1.013447,-0.275794,soft
243,0.258417,-0.030222,-0.575691,-2.259552,3.486394,soft
244,0.001924,-0.006156,-0.579651,0.124470,0.007452,soft
245,0.023817,0.000622,-0.580574,-0.288725,0.355360,soft
246,0.011619,0.009224,-0.580155,-0.353280,0.204391,soft
247,0.044867,-0.071020,-0.584938,1.170223,0.410931,soft
248,-0.084827,0.066070,-0.586068,-0.594852,-1.007359,soft
249,-0.131691,0.075841,-0.574112,-0.282567,-1.623047,soft
250,0.013490,-0.033829,-0.581202,0.649574,0.082961,soft
251,0.007778,-0.012738,-0.580080,0.213772,0.071725,soft
252,0.253144,-0.060360,-0.573927,-1.489009,3.305206,soft
253,-0.014392,0.002654,-0.579819,0.102453,-0.204993,soft
254,0.232148,0.608436,-0.600267,-16.616020,5.287804,fail
255,-0.400170,-0.092410,-0.584199,6.722355,-5.690955,acceptable
256,-0.251070,0.120805,-0.575517,0.035089,-3.017624,soft
257,-0.012108,0.005568,-0.579894,0.006766,-0.160967,soft
258,-0.007371,-0.053066,-0.584473,1.343240,-0.290093,soft
259,-0.362607,-0.111438,-0.593282,6.710178,-5.302401,acceptable
260,-0.343739,1.280396,-0.604455,-20.465584,0.643407,fail
261,0.019701,0.003863,-0.580154,-0.318653,0.306035,soft
262,0.041236,-0.072542,-0.585122,1.247696,0.352258,soft
263,-0.027196,0.014217,-0.581040,-0.025580,-0.353345,soft
264,-0.018127,0.075020,-0.586062,-1.569900,-0.006446,soft
265,-0.020353,0.002566,-0.580468,0.173021,-0.293160,soft
266,0.398072,0.075471,-0.581719,-6.314381,5.607514,acceptable
267,-0.070779,0.047727,-0.584103,-0.321282,-0.872156,soft
268,-0.027026,-0.019856,-0.581869,0.782520,-0.467318,soft
269,0.025314,-0.082580,-0.586851,1.665659,0.084357,soft
270,-0.060978,0.039117,-0.583118,-0.229400,-0.760989,soft
271,0.010707,-0.063123,-0.584446,1.374699,-0.060181,soft
272,0.074648,-0.108268,-0.574423,1.710529,0.684095,soft
273,0.013151,0.009868,-0.580105,-0.386252,0.229416,soft
274,0.031379,-0.049440,-0.582438,0.814497,0.291796,soft
275,-0.005179,-0.022120,-0.581057,0.585741,-0.152959,soft
276,0.203464,-0.104002,-0.583892,0.126084,2.487461,soft
277,0.113164,-0.078250,-0.572826,0.553844,1.351882,soft
278,-0.400031,-0.375104,-0.598132,13.169411,-6.674839,fail
279,0.009246,0.046208,-0.583258,-1.203286,0.294494,soft
280,0.142744,-0.127827,-0.580318,1.384686,1.557853,soft
281,0.045839,-0.081940,-0.586625,1.416140,0.383681,soft
282,-0.013129,-0.031504,-0.581910,0.899708,-0.302162,soft
283,-0.013017,0.000051,-0.579832,0.148609,-0.193535,soft
284,-0.211818,0.078108,-0.584194,0.580038,-2.699278,soft
285,-0.130632,0.065914,-0.574049,-0.058898,-1.642817,soft
286,0.098891,-0.118334,-0.576389,1.667570,0.987531,soft
287,-0.001669,-0.038434,-0.582004,0.932812,-0.156853,soft
288,0.000542,-0.005079,-0.579785,0.114710,-0.009432,soft
289,-0.025852,-0.021422,-0.582026,0.806157,-0.455157,soft
290,0.025394,0.005170,-0.580585,-0.415092,0.394431,soft
291,-0.028527,-0.002020,-0.580754,0.376093,-0.429764,soft
292,-0.013560,0.071608,-0.585786,-1.541746,0.048052,soft
293,0.173692,-0.125113,-0.582654,0.964650,1.991733,soft
294,0.022848,0.002426,-0.580560,-0.320519,0.347338,soft
295,0.013893,0.036851,-0.582805,-1.034826,0.331158,soft
296,0.015954,-0.006698,-0.579955,-0.024105,0.214089,soft
297,0.021993,-0.008565,-0.580583,-0.049089,0.296471,soft
298,-0.122541,0.102849,-0.576083,-1.028486,-1.379431,soft
299,0.003880,-0.004025,-0.579575,0.051212,0.043937,soft
300,0.002067,-0.003882,-0.579665,0.068666,0.017416,soft
301,-0.026107,-0.010550,-0.580962,0.551134,-0.422998,soft
302,0.003267,0.028020,-0.581012,-0.704124,0.144871,soft
303,-0.009071,-0.010069,-0.580091,0.344094,-0.169488,soft
304,-0.427636,-0.128002,-0.596530,7.799481,-6.132603,acceptable
305,-0.079382,0.072085,-0.586364,-0.799486,-0.905961,soft
306,-0.004804,0.000561,-0.579499,0.041938,-0.069619,soft
307,0.015223,0.016335,-0.580827,-0.563738,0.281907,soft
308,0.339608,0.373624,-0.598365,-12.489246,6.080188,fail
309,-0.018087,0.029705,-0.581040,-0.498736,-0.165449,soft
310,-0.010196,-0.000596,-0.579767,0.131547,-0.153829,soft
311,-0.214170,0.035108,-0.584736,1.620968,-2.890451,soft
312,-0.018945,-0.001715,-0.580103,0.258802,-0.287379,soft
313,0.327408,0.253822,-0.589928,-9.638372,5.392388,acceptable
314,0.280099,0.384655,-0.585193,-12.170074,5.367718,fail
315,-0.007478,0.001871,-0.579669,0.041518,-0.104848,soft
316,-0.008484,0.001874,-0.579838,0.053009,-0.119747,soft
317,0.299016,0.047008,-0.587816,-4.512039,4.293676,soft
318,-0.004915,0.003348,-0.579687,-0.023172,-0.061644,soft
319,-0.411006,-0.521181,-0.594956,16.415713,-5.481259,fail
320,0.013104,0.045603,-0.583965,-1.232448,0.348706,soft
321,-0.001653,-0.004117,-0.579955,0.117049,-0.038766,soft
322,0.309886,0.366294,-0.589709,-12.048695,5.668262,fail
323,-0.046155,0.059360,-0.584183,-0.879485,-0.470656,soft
324,0.023176,0.003184,-0.580596,-0.342315,0.354728,soft
325,-0.337294,-0.364183,-0.595802,12.265981,-6.024994,fail
326,0.021511,0.002828,-0.580413,-0.314739,0.328941,soft
327,0.003732,0.008666,-0.579999,-0.249299,0.085348,soft
328,-0.001930,-0.005633,-0.579710,0.156378,-0.048114,soft
329,0.357311,-0.012260,-0.580419,-3.802040,4.777669,soft
330,-0.294584,0.080547,-0.581353,1.476852,-3.745546,soft
331,-0.021541,-0.018610,-0.581337,0.690196,-0.382705,soft
332,0.018975,0.001134,-0.580106,-0.245339,0.285933,soft
333,-0.229308,-0.556580,-0.594217,15.498588,-5.482787,fail
334,-0.014438,0.014915,-0.580276,-0.188933,-0.162868,soft
335,-0.222257,0.096540,-0.585854,0.263643,-2.768367,soft
336,0.420972,0.310561,-0.593841,-11.953635,6.797065,fail
337,0.008101,0.035262,-0.582023,-0.931233,0.240860,soft
338,-0.015113,0.006676,-0.579920,0.014955,-0.201688,soft
339,0.022649,0.029758,-0.582704,-0.966903,0.435627,soft
340,0.271781,0.493247,-0.591217,-14.535473,5.754023,fail
341,-0.380195,-0.337988,-0.588988,12.162341,-6.408379,fail
342,0.024120,0.004312,-0.580497,-0.380045,0.372722,soft
343,0.010470,0.001803,-0.579955,-0.163411,0.161929,soft
344,0.133420,-1.045417,-0.595259,20.290100,-0.713906,fail
345,-0.024880,0.067551,-0.585031,-1.316721,-0.130481,soft
346,0.024080,0.027826,-0.582238,-0.937820,0.450615,soft
347,-0.004012,-0.045216,-0.582753,1.120157,-0.214444,soft
348,0.004812,0.001104,-0.579905,-0.081651,0.075360,soft
349,0.314602,0.429463,-0.589481,-13.543243,5.982276,fail
350,-0.026107,0.054906,-0.583686,-1.003989,-0.193345,soft
351,-0.004245,0.004717,-0.579628,-0.063470,-0.046969,soft
352,0.002145,-0.018586,-0.580318,0.417715,-0.032218,soft
353,-0.004354,-0.009286,-0.579805,0.271225,-0.096734,soft
354,-0.083065,0.074431,-0.586488,-0.812817,-0.950974,soft
355,0.326390,0.261638,-0.589937,-9.813257,5.445236,acceptable
356,0.021097,0.013679,-0.580855,-0.568036,0.359716,soft
357,0.023385,0.006010,-0.580657,-0.411978,0.367557,soft
358,0.007514,0.021988,-0.580746,-0.609634,0.187105,soft
359,0.005953,-0.021432,-0.580623,0.441539,0.014309,soft
360,-0.203532,0.134468,-0.586687,-0.842687,-2.352006,soft
361,0.103434,-0.108774,-0.575686,1.389333,1.087338,soft
362,-0.026902,-0.003673,-0.580876,0.396714,-0.411361,soft
363,-0.149287,1.241217,-0.597946,-20.252829,0.890580,fail
364,0.010513,-0.002024,-0.579758,-0.072811,0.149543,soft
365,-0.005496,-0.000054,-0.579548,0.064560,-0.082048,soft
366,0.013054,-0.005740,-0.580076,-0.013548,0.174274,soft
367,0.004214,-0.019211,-0.580447,0.408781,-0.003668,soft
368,0.274747,-0.070042,-0.577797,-1.502689,3.539507,soft
369,0.026157,0.001035,-0.580710,-0.325432,0.391475,soft
370,0.005258,-0.012022,-0.580014,0.225716,0.036733,soft
371,-0.013308,0.023537,-0.580684,-0.407033,-0.116036,soft
372,-0.014800,-0.006264,-0.580198,0.319406,-0.241450,soft
373,-0.005178,0.008253,-0.579882,-0.136931,-0.048553,soft
374,-0.024311,0.024791,-0.581067,-0.310270,-0.274259,soft
375,0.255785,0.511469,-0.590529,-14.780713,5.628710,fail
376,-0.143221,0.129607,-0.580500,-1.421131,-1.558178,soft
377,-0.153810,0.081829,-0.576358,-0.169967,-1.908601,soft
378,-0.006327,0.003694,-0.579784,-0.015156,-0.081381,soft
379,0.015697,0.001800,-0.579885,-0.223514,0.239676,soft
380,-0.000860,-0.001898,-0.579587,0.055112,-0.019339,soft
381,0.024123,-0.007660,-0.580727,-0.095129,0.331142,soft
382,0.007551,0.038161,-0.582468,-0.993447,0.242575,soft
383,-0.284799,-0.048967,-0.586345,4.398956,-4.087309,soft
384,-0.060790,0.051658,-0.584381,-0.528960,-0.710622,soft
385,0.012906,-0.008381,-0.580011,0.051035,0.162948,soft
386,-0.093505,0.101370,-0.573609,-1.329950,-0.982305,soft
387,0.021253,0.030089,-0.582679,-0.958800,0.416317,soft
388,-0.008337,0.011637,-0.580039,-0.181145,-0.083839,soft
389,0.032787,-0.018908,-0.581652,0.072896,0.418798,soft
390,-0.369333,-0.031849,-0.586164,4.954009,-5.093927,soft
391,-0.010488,0.009126,-0.579938,-0.096609,-0.124556,soft
392,0.012742,-0.034739,-0.581389,0.679727,0.068596,soft
393,0.128432,-0.047370,-0.573548,-0.356665,1.679770,soft
394,-0.023687,0.007195,-0.580407,0.101220,-0.326741,soft
395,0.166036,-0.102512,-0.579154,0.519417,1.991095,soft
396,0.022774,0.021829,-0.581882,-0.780585,0.411360,soft
397,-0.010416,0.017930,-0.580539,-0.306906,-0.092625,soft
398,-0.002062,0.004429,-0.579858,-0.081746,-0.015411,soft
399,-0.010648,-0.002399,-0.579812,0.179695,-0.166709,soft
400,-0.017394,-0.016445,-0.580799,0.591306,-0.314432,soft
401,0.008577,-0.010102,-0.579917,0.141827,0.092727,soft
402,-0.054071,-0.854395,-0.600952,19.583975,-2.054845,fail
403,0.190815,-0.131247,-0.584887,0.912599,2.197923,soft
404,0.021963,-0.003517,-0.580188,-0.168954,0.314120,soft
405,0.023683,0.004791,-0.580640,-0.386355,0.367655,soft
406,-0.116805,0.067044,-0.572033,-0.245251,-1.450033,soft
407,0.017506,-0.015400,-0.580492,0.165153,0.206566,soft
408,-0.019969,0.007661,-0.580374,0.047370,-0.270048,soft
409,-0.397036,0.085529,-0.587094,2.517735,-4.913619,soft
410,-0.303535,0.066217,-0.583018,1.913603,-3.918038,soft
411,-0.260858,-0.519502,-0.592537,15.016695,-5.780082,fail
412,-0.019917,0.006841,-0.580261,0.066294,-0.272212,soft
413,-0.303840,-0.563528,-0.605012,16.284630,-5.525981,fail
414,0.250149,0.721232,-0.609924,-18.726076,3.186185,fail
415,-0.015151,0.005855,-0.580155,0.034933,-0.204846,soft
416,-0.025093,-0.016831,-0.581460,0.688588,-0.428812,soft
417,0.018708,0.024297,-0.581502,-0.792741,0.360111,soft
418,-0.018986,0.008776,-0.580522,0.009511,-0.251293,soft
419,1.539444,-1.965003,-0.592962,21.398054,4.190150,fail
420,-0.044138,0.068371,-0.585043,-1.115697,-0.408611,soft
421,0.034493,-0.087105,-0.571354,1.674896,0.187581,soft
422,0.034411,-0.090446,-0.571659,1.754970,0.174677,soft
423,0.153332,-0.125937,-0.581056,1.218018,1.707533,soft
424,-0.002048,-0.005181,-0.579582,0.146993,-0.048332,soft
425,0.018799,-0.001130,-0.579953,-0.189415,0.275602,soft
426,0.202291,0.528037,-0.596278,-14.536456,4.930285,fail
427,0.007100,-0.012488,-0.580037,0.215634,0.062504,soft
428,-0.021671,0.007296,-0.580281,0.075621,-0.296666,soft
429,0.022333,0.006063,-0.580490,-0.401177,0.352324,soft
430,0.053719,-1.145031,-0.601465,20.184421,-0.847254,fail
431,-0.003822,0.053326,-0.583524,-1.222214,0.127129,soft
432,0.052697,-0.056029,-0.583698,0.725735,0.579820,soft
433,0.016353,-0.010040,-0.580202,0.050864,0.208283,soft
434,0.401566,0.411531,-0.602348,-13.969283,6.544565,fail
435,-0.205138,0.052724,-0.582337,1.104921,-2.718810,soft
436,0.415816,0.006583,-0.579728,-4.907999,5.524734,soft
437,0.001083,-0.000802,-0.579563,0.006640,0.013377,soft
438,-0.402049,-0.117022,-0.588291,7.299434,-5.797706,acceptable
439,-0.186727,-0.584943,-0.602673,15.635873,-5.040749,fail
440,0.008678,-0.008041,-0.579822,0.091598,0.101463,soft
441,-0.117661,0.935304,-0.592884,-19.899385,1.595607,fail
442,0.016019,-0.020469,-0.580777,0.302862,0.166777,soft
443,0.212267,0.607822,-0.597912,-16.440858,5.338466,fail
444,0.164215,-0.110619,-0.579853,0.731935,1.929254,soft
445,0.020139,0.010078,-0.580551,-0.471481,0.333469,soft
446,-0.012554,-0.903420,-0.603745,19.914011,-1.416314,fail
447,0.011191,0.005740,-0.580010,-0.265453,0.186186,soft
448,-0.029757,-0.011690,-0.581450,0.619979,-0.480220,soft
449,-0.003883,-0.013122,-0.580043,0.357099,-0.102897,soft
450,-0.021681,0.007026,-0.580265,0.082176,-0.297757,soft
451,-0.083864,0.106418,-0.574204,-1.560551,-0.823615,soft
452,-0.306990,0.076271,-0.583836,1.715212,-3.915287,soft
453,-0.017649,0.029673,-0.580945,-0.503040,-0.159074,soft
454,0.071955,-0.104823,-0.573795,1.660481,0.659291,soft
455,0.402913,0.259218,-0.594860,-10.569055,6.378515,fail
456,0.026141,-0.000251,-0.580508,-0.294679,0.386917,soft
457,-0.005340,-0.001945,-0.579827,0.107781,-0.086126,soft
458,-0.396141,-0.184619,-0.580493,8.840254,-5.991870,acceptable
459,0.004890,-0.001576,-0.579545,-0.018753,0.067409,soft
460,-0.057454,0.078110,-0.585918,-1.193341,-0.567975,soft
461,-0.026969,-0.007387,-0.580927,0.485821,-0.424989,soft
462,0.034335,-0.000945,-0.581558,-0.372026,0.503884,soft
463,0.018996,-0.060923,-0.583829,1.228134,0.068906,soft
464,0.007210,0.019540,-0.580747,-0.547878,0.174218,soft
465,-0.029523,0.068703,-0.584694,-1.291256,-0.195405,soft
466,0.007999,-0.001879,-0.579616,-0.047336,0.112665,soft
467,0.022672,-0.005746,-0.580380,-0.124033,0.316812,soft
468,-0.017577,0.004062,-0.580090,0.105554,-0.247328,soft
469,0.007299,-0.035104,-0.581594,0.750868,-0.013115,soft
470,-0.136819,0.076463,-0.574493,-0.238208,-1.693115,soft
471,0.124494,-0.093253,-0.574423,0.779130,1.454718,soft
472,0.325459,0.533900,-0.604258,-15.868852,5.767900,fail
473,-0.020251,-0.030194,-0.582326,0.950110,-0.402315,soft
474,-0.017754,-0.003907,-0.580279,0.297262,-0.277192,soft
475,-0.012819,-0.012786,-0.580664,0.451707,-0.234174,soft
476,-0.007757,-0.003668,-0.579893,0.176607,-0.127981,soft
477,-0.079810,-0.629255,-0.588962,15.562350,-3.774834,fail
478,0.010590,0.005943,-0.579964,-0.263392,0.177958,soft
479,-0.009148,0.000946,-0.579687,0.082780,-0.132968,soft
480,-0.011895,-0.004782,-0.579861,0.250762,-0.193391,soft
481,0.380271,0.234182,-0.584609,-9.795056,5.992791,acceptable
482,0.004186,0.018586,-0.580636,-0.490458,0.126138,soft
483,0.088717,-0.091367,-0.572386,1.148450,0.953150,soft
484,-0.030854,-0.004252,-0.581184,0.455826,-0.471385,soft
485,0.317456,-0.013997,-0.587803,-3.288657,4.290275,soft
486,-0.275245,-0.372966,-0.596900,11.783105,-5.226839,fail
487,-0.022869,-0.012826,-0.580808,0.568137,-0.383032,soft
488,-0.139638,0.085502,-0.575756,-0.420275,-1.690973,soft
489,0.003875,-0.001109,-0.579452,-0.018195,0.053907,soft
490,0.175403,-0.075791,-0.578581,-0.220883,2.229122,soft
491,-0.077950,0.087129,-0.587794,-1.170972,-0.828533,soft
492,-0.011513,0.045563,-0.582580,-0.950303,-0.012294,soft
493,0.002714,0.014422,-0.580062,-0.374594,0.090000,soft
494,0.019287,-0.002700,-0.580078,-0.157644,0.277411,soft
495,0.010840,0.011632,-0.580151,-0.401653,0.201116,soft
496,-0.071978,0.070281,-0.585480,-0.841895,-0.807381,soft
497,0.007985,0.023615,-0.581113,-0.653562,0.199586,soft
498,-0.009221,-0.030489,-0.581410,0.831029,-0.241237,soft
499,0.008028,0.014131,-0.580125,-0.428775,0.167915,soft
500,-0.020482,0.060197,-0.584310,-1.193438,-0.092164,soft
501,0.149672,-1.152147,-0.596730,20.275534,-0.817614,fail
502,0.026662,-0.001026,-0.580638,-0.282229,0.391975,soft
503,-0.004823,-0.000417,-0.579470,0.065461,-0.073282,soft
504,-0.050819,0.064178,-0.584437,-0.940148,-0.522048,soft
505,0.013758,0.029670,-0.581994,-0.863263,0.305133,soft
506,0.002444,0.006515,-0.579744,-0.183288,0.058798,soft
507,0.024333,0.012375,-0.580940,-0.574185,0.403066,soft
508,0.002725,-0.033906,-0.581349,0.775035,-0.076471,soft
509,-0.018176,0.003755,-0.579961,0.119756,-0.257285,soft
510,0.446704,0.189831,-0.595773,-9.440473,6.596816,acceptable
511,0.015203,-0.005465,-0.580061,-0.044830,0.207189,soft
512,-0.030985,-0.018885,-0.582510,0.804473,-0.521322,soft
513,-0.016162,0.012386,-0.580310,-0.108903,-0.197154,soft
514,-0.062254,0.052899,-0.584163,-0.541707,-0.729073,soft
515,0.217688,-0.123446,-0.587308,0.422074,2.589688,soft
516,0.312802,-0.035717,-0.586101,-2.729189,4.138125,soft
517,-0.379648,-0.197544,-0.593825,8.891643,-5.821965,acceptable
518,0.423015,0.399616,-0.603515,-13.908052,6.593889,fail
519,0.018132,-0.004124,-0.580240,-0.110425,0.255079,soft
520,0.023931,0.002466,-0.580672,-0.333894,0.363289,soft
521,-0.008390,0.002896,-0.579590,0.027605,-0.114964,soft
522,-0.013803,0.006912,-0.580066,-0.005740,-0.181336,soft
523,-0.030615,0.063348,-0.583937,-1.152378,-0.230574,soft
524,-0.016871,0.004821,-0.579971,0.079343,-0.234290,soft
525,0.151747,-0.092823,-0.577437,0.454373,1.829501,soft
526,0.029152,0.001784,-0.580917,-0.377635,0.438115,soft
527,0.016974,0.046776,-0.584104,-1.304626,0.409037,soft
528,0.001277,-0.012016,-0.579874,0.271405,-0.022381,soft
529,0.053618,-0.081461,-0.586282,1.316210,0.499533,soft
530,0.003665,-0.006274,-0.579717,0.107241,0.032968,soft
531,0.065143,-0.058539,-0.584214,0.642371,0.752036,soft
532,-0.006094,0.001784,-0.579585,0.027660,-0.084622,soft
533,-0.000273,0.034142,-0.581887,-0.808463,0.113753,soft
534,-0.099273,1.297910,-0.600740,-20.198855,0.927436,fail
535,-0.023951,-0.010342,-0.580882,0.521464,-0.390529,soft
536,-0.018327,0.051864,-0.582747,-1.021687,-0.091142,soft
537,-0.017964,0.005279,-0.580151,0.081020,-0.248753,soft
538,-0.021755,-0.000399,-0.580794,0.259646,-0.323774,soft
539,0.025752,0.005404,-0.580754,-0.424721,0.400360,soft
540,-0.376582,-0.500726,-0.607065,15.618261,-5.920434,fail
541,-0.004155,-0.016121,-0.580308,0.431538,-0.117233,soft
542,0.021560,0.008172,-0.580605,-0.442425,0.347926,soft
543,0.032643,-0.000972,-0.581367,-0.352043,0.479369,soft
544,-0.012412,-0.041342,-0.582854,1.124428,-0.324586,soft
545,-0.008957,-0.006408,-0.579813,0.255674,-0.155290,soft
546,0.074480,-0.088571,-0.587546,1.244874,0.774409,soft
547,-0.030072,0.000664,-0.581211,0.329865,-0.442720,soft
548,0.013948,-0.005711,-0.579896,-0.024527,0.187734,soft
549,-0.008239,-0.020116,-0.580780,0.573398,-0.191418,soft
550,0.090896,-0.083892,-0.571454,0.945982,1.015389,soft
551,-0.012291,-0.041482,-0.582985,1.126309,-0.323251,soft
552,0.184372,-0.119405,-0.582899,0.707740,2.165177,soft
553,0.024792,0.002870,-0.580421,-0.353464,0.377797,soft
554,0.443502,0.081617,-0.595362,-6.904195,6.116878,acceptable
555,-0.005927,0.008201,-0.579685,-0.127093,-0.059971,soft
556,-0.030024,0.029558,-0.581781,-0.357808,-0.340777,soft
557,-0.000932,0.002617,-0.579636,-0.051582,-0.004873,soft
558,0.012984,0.012541,-0.580365,-0.447865,0.235954,soft
559,-0.074270,0.065471,-0.585856,-0.701500,-0.854749,soft
560,-0.072451,0.044944,-0.584182,-0.236082,-0.906345,soft
561,-0.014465,0.002274,-0.579858,0.112339,-0.207396,soft
562,-0.162455,-0.750454,-0.604091,18.689362,-3.365204,fail
563,-0.318189,0.042789,-0.586547,2.623973,-4.190119,soft
564,-0.234753,0.092079,-0.587718,0.510080,-2.950037,soft
565,0.012604,0.003588,-0.579889,-0.230483,0.199816,soft
566,0.019522,-0.014420,-0.580783,0.118632,0.239445,soft
567,-0.342926,1.206144,-0.589261,-20.493397,0.480778,fail
568,-0.012301,0.001280,-0.579801,0.111097,-0.178665,soft
569,0.002448,-0.001280,-0.579445,0.002316,0.032064,soft
570,-0.009983,-0.018047,-0.580940,0.544152,-0.210098,soft
571,0.017384,0.034620,-0.582477,-1.022168,0.375019,soft
572,0.001715,-0.000563,-0.579497,-0.006337,0.023618,soft
573,-0.416812,-0.056814,-0.584490,6.076615,-5.745723,acceptable
574,0.009969,-0.011082,-0.580062,0.149135,0.109985,soft
575,0.016653,-0.046298,-0.582225,0.909059,0.086049,soft
576,-0.418955,-0.278746,-0.587686,11.237687,-6.681614,fail
577,-0.200767,0.101365,-0.583128,-0.094575,-2.464484,soft
578,0.455546,-1.221616,-0.597852,20.652017,0.150966,fail
579,-0.023391,0.047014,-0.582289,-0.848704,-0.182831,soft
580,-0.180339,0.065333,-0.579871,0.524380,-2.324758,soft
581,-0.010004,-0.005237,-0.579888,0.239853,-0.166863,soft
582,0.069610,-0.099063,-0.573249,1.551282,0.646282,soft
583,-0.000987,-0.032568,-0.581665,0.785737,-0.126827,soft
584,-0.192840,0.122021,-0.584645,-0.672201,-2.255686,soft
585,-0.316902,-0.327319,-0.599244,11.173603,-5.566638,fail
586,0.062786,-0.092345,-0.588113,1.467132,0.590100,soft
587,-0.011624,-0.002211,-0.580043,0.186407,-0.180419,soft
588,0.067817,-0.094815,-0.572149,1.472158,0.639789,soft
589,0.396188,0.386876,-0.599730,-13.382279,6.632353,fail
590,0.016644,-0.005351,-0.579957,-0.064133,0.229057,soft
591,0.316208,0.345240,-0.586658,-11.653440,5.683998,fail
592,-0.211407,0.050980,-0.583362,1.216720,-2.807897,soft
593,0.006855,-0.006454,-0.579945,0.074789,0.079689,soft
594,-0.028756,-0.004023,-0.581071,0.426268,-0.439572,soft
595,-0.004707,0.008489,-0.579609,-0.147991,-0.040864,soft
596,0.011060,-0.008605,-0.580178,0.077594,0.134611,soft
597,-0.001273,-0.011985,-0.580035,0.299994,-0.060213,soft
598,-0.308795,-0.745373,-0.598815,19.378309,-1.992635,fail
599,-0.005613,-0.013851,-0.580069,0.394358,-0.131108,soft
600,-0.120324,0.082358,-0.573439,-0.568686,-1.438315,soft
601,0.011436,-0.024657,-0.580700,0.455243,0.084600,soft
602,-0.186284,0.127086,-0.583873,-0.866675,-2.154614,soft
603,-0.273524,0.096926,-0.577958,0.854322,-3.411653,soft
604,0.024860,0.022289,-0.582130,-0.815221,0.443224,soft
605,0.019688,-0.007241,-0.580406,-0.054135,0.267258,soft
606,-0.169649,-0.765783,-0.606104,18.950408,-2.971298,fail
607,0.351539,-0.063082,-0.577117,-2.548744,4.486157,soft
608,0.015144,-0.003515,-0.579856,-0.090585,0.213200,soft
609,-0.008192,-0.005922,-0.579911,0.235301,-0.142241,soft
610,-0.007037,-0.019239,-0.580516,0.538828,-0.170663,soft
611,-0.110993,0.100934,-0.574514,-1.117202,-1.232129,soft
612,-0.458361,-0.108945,-0.587289,7.740528,-6.407828,acceptable
613,0.028175,0.022304,-0.582184,-0.853701,0.492222,soft
614,-0.008003,0.014036,-0.580139,-0.242066,-0.070488,soft
615,0.005187,-0.005722,-0.579734,0.076560,0.057498,soft
616,0.104936,-0.051389,-0.587195,0.017193,1.345575,soft
617,-0.008125,0.000414,-0.579559,0.083683,-0.119589,soft
618,-0.064565,0.051838,-0.583849,-0.490125,-0.767896,soft
619,-0.084507,1.250271,-0.600827,-20.194101,0.903178,fail
620,0.002559,-0.007182,-0.579634,0.141588,0.013368,soft
621,0.000206,-0.000288,-0.579433,0.004479,0.002086,soft
622,-0.448413,-0.187186,-0.596596,9.392797,-6.584568,acceptable
623,0.319057,-0.040493,-0.586798,-2.687568,4.213951,soft
624,0.030071,0.021661,-0.582195,-0.860114,0.517728,soft
625,0.003165,0.011412,-0.580027,-0.308124,0.086351,soft
626,0.017902,0.002140,-0.579981,-0.256947,0.273481,soft
627,0.427726,0.029427,-0.585091,-5.555742,5.738724,acceptable
628,0.001739,-0.023564,-0.580707,0.540702,-0.055440,soft
629,0.022548,0.002791,-0.580458,-0.325772,0.344138,soft
630,0.017203,0.041576,-0.583705,-1.184152,0.395122,soft
631,-0.320050,-0.427998,-0.589183,13.584096,-6.113851,fail
632,-0.029241,-0.005421,-0.581020,0.465131,-0.451739,soft
633,0.000765,0.003256,-0.579547,-0.086347,0.022590,soft
634,-0.019056,0.015156,-0.580490,-0.141527,-0.230383,soft
635,0.090176,-0.106847,-0.574514,1.497603,0.911162,soft
636,0.010190,-0.000448,-0.579760,-0.106624,0.150128,soft
637,-0.367475,-0.040278,-0.587136,5.126054,-5.085168,acceptable
638,0.005699,-0.003841,-0.579554,0.025876,0.071653,soft
639,-0.243392,0.114279,-0.574184,0.101408,-2.941114,soft
640,-0.127690,0.109952,-0.576672,-1.137328,-1.428489,soft
641,0.087305,-0.058219,-0.585608,0.380609,1.072974,soft
642,-0.007672,-0.054973,-0.584444,1.392007,-0.300752,soft
643,0.415227,0.148650,-0.595662,-8.146931,6.087336,acceptable
644,0.021639,-0.036894,-0.581563,0.628645,0.192365,soft
645,0.022120,0.022243,-0.581454,-0.783133,0.403490,soft
646,0.435768,-0.025772,-0.582779,-4.365521,5.603805,soft
647,-0.033586,0.061751,-0.583691,-1.080617,-0.279970,soft
648,-0.387983,-0.050769,-0.592595,5.582778,-5.385002,acceptable
649,-0.019173,0.007764,-0.580135,0.035760,-0.258138,soft
650,0.055819,-0.079619,-0.585957,1.247682,0.538700,soft
651,0.023596,-0.004101,-0.580374,-0.173803,0.336098,soft
652,-0.001620,-0.011528,-0.579857,0.293150,-0.063778,soft
653,0.339826,0.389517,-0.601796,-12.836869,6.155951,fail
654,-0.270631,-0.542042,-0.598713,15.572263,-5.814662,fail
655,-0.013749,-0.022903,-0.581068,0.702908,-0.282422,soft
656,0.017816,-0.007113,-0.580130,-0.035639,0.240199,soft
657,-0.001619,0.014977,-0.580204,-0.337924,0.027531,soft
658,0.004199,0.000781,-0.579780,-0.066928,0.065155,soft
659,0.182874,0.499433,-0.585002,-13.742755,4.573152,fail
660,0.410225,0.124483,-0.590766,-7.553125,5.936832,acceptable
661,-0.178334,0.122634,-0.582589,-0.853076,-2.067603,soft
662,-0.013974,0.008389,-0.580025,-0.038940,-0.178815,soft
663,0.394529,-0.029782,-0.588742,-3.787736,5.118702,soft
664,-0.031598,0.045920,-0.582372,-0.728410,-0.307230,soft
665,-0.393387,-0.023235,-0.591653,5.005062,-5.342124,acceptable
666,-0.435365,-0.165582,-0.588535,8.796001,-6.392031,acceptable
667,0.035570,0.012969,-0.582579,-0.716481,0.568303,soft
668,0.294060,0.436443,-0.599037,-13.431195,5.771178,fail
669,-0.040221,0.054472,-0.583120,-0.832124,-0.403125,soft
670,0.221725,-0.122377,-0.587843,0.350980,2.646599,soft
671,0.011915,0.008312,-0.580060,-0.334995,0.205717,soft
672,-0.435491,0.016119,-0.583668,4.584714,-5.631700,soft
673,0.016100,-0.030610,-0.581127,0.543080,0.132775,soft
674,-0.110193,0.091980,-0.573443,-0.914356,-1.257589,soft
675,-0.234663,0.046628,-0.587176,1.579954,-3.128675,soft
676,-0.273129,0.120695,-0.579238,0.288559,-3.293154,soft
677,-0.004258,-0.000863,-0.579484,0.069567,-0.066396,soft
678,-0.007110,0.006594,-0.579825,-0.075195,-0.083089,soft
679,-0.010387,-0.004446,-0.579896,0.225403,-0.169811,soft
680,-0.020787,0.006404,-0.580251,0.086710,-0.286757,soft
681,-0.002717,0.004763,-0.579590,-0.082157,-0.024062,soft
682,-0.031452,-0.012922,-0.581848,0.668477,-0.508632,soft
683,-0.007740,-0.023137,-0.580867,0.639510,-0.194366,soft
684,0.050369,-0.052481,-0.583492,0.668307,0.558074,soft
685,0.208421,-0.100774,-0.584135,-0.006621,2.569105,soft
686,-0.006352,-0.002883,-0.579840,0.141759,-0.104433,soft
687,-0.023421,0.079695,-0.586506,-1.619488,-0.067053,soft
688,0.010970,0.032852,-0.582017,-0.906896,0.274915,soft
689,-0.002540,-0.002719,-0.579607,0.093990,-0.047174,soft
690,0.003011,0.006129,-0.579619,-0.180641,0.065923,soft
691,-0.240972,-0.615151,-0.602240,16.809416,-5.170869,fail
692,0.342561,-0.061793,-0.574684,-2.482356,4.401719,soft
693,0.003256,0.010384,-0.579919,-0.284751,0.084182,soft
694,-0.310061,0.109558,-0.585172,0.966691,-3.804816,soft
695,0.003048,0.001584,-0.579725,-0.072809,0.050813,soft
696,0.002428,-0.016082,-0.580068,0.354926,-0.019303,soft
697,-0.018534,0.047057,-0.582906,-0.905044,-0.110041,soft
698,-0.367532,-0.050227,-0.587510,5.358318,-5.135341,acceptable
699,-0.000809,0.005146,-0.579628,-0.113254,0.005661,soft
700,-0.110207,0.063830,-0.587662,-0.251422,-1.378708,soft
701,-0.123660,0.071321,-0.572987,-0.267806,-1.529506,soft
702,0.048101,-0.087626,-0.587280,1.524123,0.395891,soft
703,-0.123778,0.118299,-0.577447,-1.379440,-1.338226,soft
704,-0.017332,-0.016754,-0.580732,0.597979,-0.314604,soft
705,-0.351308,-0.065780,-0.585339,5.548465,-5.003274,acceptable
706,0.070307,-0.058740,-0.584600,0.587871,0.826241,soft
707,0.019765,0.007640,-0.580457,-0.409165,0.319556,soft
708,-0.037342,0.049831,-0.582992,-0.755038,-0.376746,soft
709,-0.010370,-0.016223,-0.580382,0.505421,-0.209775,soft
710,-0.350551,-0.686071,-0.598315,18.836643,-2.905173,fail
711,0.010372,0.000060,-0.579823,-0.120814,0.154507,soft
712,0.614962,-1.327132,-0.591104,20.796415,0.722410,fail
713,-0.219527,-0.584852,-0.597222,16.014554,-5.477162,fail
714,0.010141,-0.003031,-0.579736,-0.044547,0.140542,soft
715,-0.018596,0.007418,-0.580220,0.037350,-0.250582,soft
716,-0.003195,-0.002783,-0.579579,0.103068,-0.057159,soft
717,-0.026051,-0.000656,-0.580576,0.315229,-0.388751,soft
718,-0.022645,0.053565,-0.583370,-1.012006,-0.147475,soft
719,-0.439444,-0.255816,-0.589892,10.917969,-6.808830,fail
720,0.314701,0.008441,-0.588137,-3.782888,4.345651,soft
721,0.062399,-0.079188,-0.586093,1.162121,0.635632,soft
722,-0.031558,-0.002082,-0.581263,0.412252,-0.474094,soft
723,-0.037594,0.089525,-0.571501,-1.696438,-0.223820,soft
724,-0.017927,-0.037478,-0.583237,1.095676,-0.392203,soft
725,0.068297,1.049825,-0.606519,-20.100934,0.763940,fail
726,-0.003248,-0.046950,-0.583064,1.152345,-0.209100,soft
727,-0.027547,0.000412,-0.580940,0.306899,-0.406477,soft
728,0.320362,0.005483,-0.589500,-3.773941,4.399592,soft
729,-0.006104,-0.000852,-0.579516,0.090560,-0.093855,soft
730,-0.125148,0.047442,-0.573175,0.317202,-1.633527,soft
731,0.258288,0.641257,-0.606777,-17.427901,4.686384,fail
732,-0.019493,0.005239,-0.580147,0.099549,-0.271606,soft
733,0.013036,-0.048795,-0.582772,1.009529,0.023766,soft
734,-0.025089,0.003081,-0.580727,0.215212,-0.361367,soft
735,-0.193097,0.102703,-0.582378,-0.213773,-2.354700,soft
736,-0.015430,0.010521,-0.580335,-0.072931,-0.192778,soft
737,0.120516,-0.102944,-0.575475,1.054524,1.357013,soft
738,-0.006141,0.002441,-0.579515,0.012552,-0.083065,soft
739,0.003349,0.018093,-0.580313,-0.469193,0.112031,soft
740,0.442565,0.181553,-0.593751,-9.210846,6.484412,acceptable
741,0.441058,0.186733,-0.593466,-9.322503,6.541390,acceptable
742,0.020893,-0.011816,-0.580565,0.040917,0.268958,soft
743,-0.014440,0.010138,-0.580141,-0.075218,-0.179587,soft
744,0.009107,0.007895,-0.580035,-0.292753,0.162562,soft
745,0.008792,0.005457,-0.579757,-0.231154,0.149622,soft
746,-0.006274,0.006302,-0.579862,-0.077862,-0.071599,soft
747,-0.005045,0.002819,-0.579765,-0.009064,-0.065360,soft
748,0.022219,0.004704,-0.580546,-0.367516,0.345936,soft
749,0.021980,0.020716,-0.581856,-0.744973,0.395781,soft
750,-0.014517,-0.003543,-0.580008,0.251409,-0.227969,soft
751,0.209407,-0.105815,-0.584677,0.101126,2.559542,soft
752,-0.018148,0.034696,-0.581219,-0.616652,-0.148901,soft
753,-0.037689,0.050762,-0.583157,-0.773054,-0.378173,soft
754,0.004107,-0.002554,-0.579536,0.013550,0.052396,soft
755,-0.017944,-0.000980,-0.579919,0.229841,-0.270188,soft
756,0.396951,0.150442,-0.590656,-8.009722,5.883608,acceptable
757,0.199264,-1.246724,-0.595638,20.301354,-0.865284,fail
758,-0.015165,0.010895,-0.580198,-0.084896,-0.187734,soft
759,-0.126542,0.084022,-0.574007,-0.536361,-1.519665,soft
760,0.007970,-0.001947,-0.579657,-0.045373,0.111974,soft
761,0.391149,0.351402,-0.593537,-12.571136,6.656532,fail
762,0.408370,0.267858,-0.598797,-10.798885,6.432541,fail
763,0.196522,0.624395,-0.598185,-16.641929,5.202689,fail
764,0.034110,-0.007867,-0.581427,-0.204870,0.476796,soft
765,-0.057494,1.262287,-0.602073,-20.171231,0.903318,fail
766,-0.055531,0.045182,-0.583182,-0.435903,-0.659887,soft
767,-0.096223,1.184259,-0.599843,-20.215338,0.867270,fail
768,0.368462,0.477341,-0.604173,-15.068755,6.161938,fail
769,-0.348756,0.024029,-0.577314,3.436290,-4.636173,soft
770,-0.019767,-0.001669,-0.580494,0.267081,-0.299113,soft
771,-0.142001,0.096126,-0.576127,-0.645036,-1.687411,soft
772,0.014523,0.014704,-0.580565,-0.517000,0.266135,soft
773,-0.274784,-0.469138,-0.602105,13.938296,-5.605752,fail
774,-0.032426,-0.009622,-0.581592,0.601392,-0.512332,soft
775,0.019591,0.030909,-0.582304,-0.959457,0.394973,soft
776,-0.019355,0.056371,-0.583261,-1.116491,-0.090311,soft
777,0.008406,-0.060026,-0.584286,1.327895,-0.083105,soft
778,0.017215,0.001512,-0.580178,-0.234049,0.260974,soft
779,0.009460,0.041480,-0.582901,-1.093784,0.281778,soft
780,0.372127,0.078305,-0.592232,-6.047000,5.276472,acceptable
781,-0.405273,-0.238520,-0.592686,10.124796,-6.286907,fail
782,-0.008981,-0.022435,-0.580742,0.637106,-0.210355,soft
783,0.032524,-0.046960,-0.582518,0.742402,0.316967,soft
784,0.031422,0.009361,-0.581630,-0.583602,0.496414,soft
785,-0.073225,0.066392,-0.585257,-0.735592,-0.840200,soft
786,0.016472,-0.000823,-0.579979,-0.169976,0.242146,soft
787,-0.005459,0.002441,-0.579667,0.004712,-0.072885,soft
788,-0.433820,-0.193041,-0.592072,9.395150,-6.483504,acceptable
789,0.061909,-0.062531,-0.584526,0.773955,0.689636,soft
790,-0.005526,0.003825,-0.579607,-0.027485,-0.069128,soft
791,0.004058,-0.033513,-0.581675,0.750196,-0.055636,soft
792,0.329406,-0.043401,-0.588909,-2.732127,4.328383,soft
793,-0.021602,0.001127,-0.580156,0.221705,-0.317063,soft
794,-0.012298,0.009171,-0.579981,-0.076840,-0.151239,soft
795,0.003945,-0.045690,-0.582535,1.040307,-0.099105,soft
796,-0.028205,-0.027421,-0.582707,0.975190,-0.509324,soft
797,0.100404,-0.107568,-0.574920,1.396302,1.052689,soft
798,0.020395,0.012089,-0.580646,-0.522233,0.344066,soft
799,0.014730,0.027445,-0.581438,-0.821917,0.312165,soft
800,0.017044,0.028299,-0.581689,-0.868647,0.349058,soft
801,-0.009022,0.001369,-0.579728,0.071251,-0.129595,soft
802,0.029978,-0.006390,-0.581275,-0.192552,0.421385,soft
803,0.012543,0.019280,-0.580826,-0.602982,0.252299,soft
804,-0.021842,-0.016413,-0.581373,0.641374,-0.379571,soft
805,-0.022764,-0.006098,-0.580741,0.406895,-0.358535,soft
806,0.023320,-0.034761,-0.581501,0.558644,0.224643,soft
807,-0.018638,-0.030975,-0.582166,0.950225,-0.381322,soft
808,-0.002460,-0.001183,-0.579735,0.056491,-0.040676,soft
809,0.031078,0.000207,-0.581253,-0.362107,0.460333,soft
810,0.448921,0.093553,-0.599305,-7.220637,6.186314,acceptable
811,0.118399,-0.124125,-0.578194,1.578549,1.237535,soft
812,-0.466732,-0.061910,-0.583545,6.756333,-6.310471,acceptable
813,0.015042,-0.027372,-0.581206,0.478192,0.128024,soft
814,-0.026523,0.001229,-0.581091,0.275671,-0.388390,soft
815,0.010520,0.047641,-0.583643,-1.251563,0.317873,soft
816,-0.309915,0.095649,-0.585105,1.291368,-3.856441,soft
817,0.001098,-0.001291,-0.579586,0.018099,0.011918,soft
818,0.010415,0.002373,-0.579706,-0.176400,0.163169,soft
819,-0.009440,0.004620,-0.579710,-0.001357,-0.124648,soft
820,-0.026242,0.010311,-0.580901,0.056409,-0.353199,soft
821,0.007614,-0.000317,-0.579674,-0.080101,0.112299,soft
822,-0.014412,-0.009674,-0.580462,0.396009,-0.247162,soft
823,0.019241,0.011200,-0.580518,-0.487873,0.324047,soft
824,-0.382925,0.047525,-0.584470,3.253882,-4.931728,soft
825,-0.031419,1.163308,-0.602595,-20.163500,0.852995,fail
826,0.008705,-0.000927,-0.579702,-0.078125,0.126400,soft
827,-0.017479,-0.021417,-0.581296,0.710250,-0.332270,soft
828,0.452492,-1.381355,-0.600832,20.556157,-0.550791,fail
829,-0.021397,-0.004155,-0.580408,0.345052,-0.332015,soft
830,0.008065,0.000870,-0.579745,-0.113546,0.122999,soft
831,-0.350269,-0.132887,-0.592489,7.074912,-5.235721,acceptable
832,-0.011468,-0.003457,-0.579795,0.214299,-0.182514,soft
833,0.002965,-0.023847,-0.580504,0.533430,-0.038158,soft
834,0.001900,-0.010111,-0.579762,0.218921,-0.006545,soft
835,0.151467,-0.083833,-0.576287,0.244447,1.868046,soft
836,0.137436,-0.065590,-0.574066,-0.027334,1.745007,soft
837,0.027617,0.032464,-0.583445,-1.087593,0.516884,soft
838,-0.000713,0.020873,-0.580459,-0.488584,0.061355,soft
839,0.000025,0.019971,-0.580748,-0.475508,0.069271,soft
840,-0.309791,1.407523,-0.593094,-20.368216,0.917696,fail
841,0.012037,0.036752,-0.582325,-1.011542,0.303735,soft
842,0.034219,-0.055765,-0.583217,0.931642,0.310431,soft
843,-0.147797,0.069704,-0.575509,0.048670,-1.869569,soft
844,0.406269,-0.006486,-0.593142,-4.449360,5.341869,soft
845,-0.066571,0.100045,-0.572936,-1.610084,-0.601335,soft
846,-0.010651,-0.017524,-0.580698,0.539493,-0.218285,soft
847,-0.005283,0.043073,-0.582621,-0.962720,0.070708,soft
848,0.041016,-0.084269,-0.586652,1.526363,0.306313,soft
849,-0.398902,0.050823,-0.588883,3.345591,-5.082897,soft
850,0.300456,-0.090024,-0.582846,-1.318751,3.771205,soft
851,-0.008221,0.010910,-0.580097,-0.165140,-0.084593,soft
852,0.023986,0.022280,-0.581795,-0.805297,0.430899,soft
853,-0.337153,0.088516,-0.590344,1.759676,-4.215095,soft
854,-0.003332,0.012400,-0.579897,-0.256917,-0.006838,soft
855,-0.291717,-0.369905,-0.584772,11.963380,-5.474514,fail
856,0.003193,-0.004191,-0.579587,0.063060,0.033126,soft
857,0.022371,-0.002673,-0.580400,-0.193722,0.322936,soft
858,0.039222,-0.070687,-0.584922,1.227024,0.329912,soft
859,0.006302,-0.033631,-0.581395,0.727422,-0.022638,soft
860,0.017791,0.022186,-0.581351,-0.732124,0.339504,soft
861,-0.290903,-0.449815,-0.585820,13.788423,-5.839703,fail
862,0.084087,-0.898752,-0.592103,19.604769,-2.121370,fail
863,0.006133,0.003320,-0.580011,-0.149624,0.102630,soft
864,-0.028062,-0.000299,-0.580774,0.329782,-0.416914,soft
865,-0.423315,-0.161517,-0.584994,8.580082,-6.194303,acceptable
866,-0.199967,-0.652631,-0.601376,17.223327,-4.860984,fail
867,0.009027,-0.008321,-0.579873,0.094263,0.105629,soft
868,-0.026377,-0.020808,-0.581732,0.797747,-0.461082,soft
869,-0.021657,0.008512,-0.580597,0.046484,-0.291681,soft
870,0.008536,-0.004817,-0.579722,0.016455,0.110494,soft
871,0.098708,-0.117087,-0.576259,1.640263,0.989465,soft
872,0.014382,-0.933784,-0.603769,20.067566,-1.083104,fail
873,-0.101126,0.067004,-0.587527,-0.430283,-1.234993,soft
874,-0.250833,-0.440323,-0.589779,13.098788,-5.195316,fail
875,-0.389895,0.021066,-0.588180,3.940926,-5.101252,soft
876,0.063524,-0.074728,-0.585852,1.043788,0.667496,soft
877,-0.011551,-0.028206,-0.581556,0.803463,-0.267819,soft
878,0.011278,-0.001324,-0.579692,-0.098274,0.163296,soft
879,0.005617,0.009588,-0.580184,-0.292852,0.116474,soft
880,-0.007319,-0.000832,-0.579817,0.104050,-0.111742,soft
881,-0.000598,0.029926,-0.581384,-0.704842,0.094324,soft
882,0.028071,0.019247,-0.581856,-0.780037,0.480609,soft
883,0.004620,0.015519,-0.580268,-0.422563,0.122063,soft
884,0.013191,-0.064130,-0.584542,1.370012,-0.027439,soft
885,0.008075,-0.042876,-0.582294,0.926205,-0.028723,soft
886,0.101205,-0.082571,-0.572786,0.794753,1.162063,soft
887,0.453238,0.072967,-0.596964,-6.806329,6.207016,acceptable
888,-0.025875,0.012687,-0.580957,-0.004352,-0.339404,soft
889,0.013706,0.002042,-0.580199,-0.206301,0.210675,soft
890,0.159811,-0.094255,-0.578316,0.395533,1.934611,soft
891,-0.470906,-0.176849,-0.600980,9.379450,-6.822943,acceptable
892,-0.018675,-0.000986,-0.580164,0.238362,-0.280962,soft
893,-0.260685,1.242405,-0.592647,-20.370891,0.785739,fail
894,0.006961,-0.002189,-0.579527,-0.028009,0.096150,soft
895,0.025370,-0.001214,-0.580913,-0.262813,0.371642,soft
896,-0.006313,0.002499,-0.579648,0.013163,-0.085429,soft
897,0.158371,-0.111653,-0.579749,0.823475,1.841482,soft
898,0.041087,0.857259,-0.600045,-19.571410,2.102251,fail
899,0.308545,0.020184,-0.587728,-3.989871,4.310908,soft
900,0.000863,0.000269,-0.579648,-0.016329,0.013768,soft
901,0.044669,0.879877,-0.601864,-19.804347,1.602655,fail
902,-0.031282,0.001975,-0.581275,0.312565,-0.455870,soft
903,0.185305,-0.098258,-0.581102,0.197804,2.270731,soft
904,-0.087724,0.113006,-0.575488,-1.670928,-0.850080,soft
905,0.009573,-0.000731,-0.579625,-0.092786,0.140023,soft
906,-0.004417,0.001412,-0.579427,0.017228,-0.060952,soft
907,0.360107,0.348398,-0.600800,-12.108573,6.160248,fail
908,-0.000331,0.013323,-0.579930,-0.313416,0.040960,soft
909,-0.044943,0.050249,-0.582944,-0.677787,-0.487597,soft
910,0.169164,-0.060444,-0.577538,-0.513478,2.202921,soft
911,0.024311,-0.004270,-0.580591,-0.177963,0.345715,soft
912,-0.087169,-0.866245,-0.605120,19.789736,-1.540743,fail
913,-0.041278,0.093484,-0.571981,-1.747416,-0.262407,soft
914,0.025757,-0.006160,-0.580635,-0.149628,0.360739,soft
915,0.031115,0.001821,-0.581401,-0.400889,0.466374,soft
916,-0.029232,-0.011094,-0.581412,0.599746,-0.470306,soft
917,-0.014621,0.005453,-0.579898,0.038417,-0.198733,soft
918,-0.014430,-0.001545,-0.580344,0.202765,-0.219581,soft
919,-0.365929,-0.128977,-0.579895,7.212251,-5.432565,acceptable
920,-0.005068,-0.052338,-0.583767,1.300389,-0.253930,soft
921,0.020565,0.013336,-0.581190,-0.553604,0.350269,soft
922,0.009111,0.001215,-0.579986,-0.133788,0.139680,soft
923,-0.004704,-0.000101,-0.579531,0.056568,-0.070408,soft
924,0.366651,-0.011881,-0.583108,-3.907213,4.862983,soft
925,0.256865,0.514787,-0.590754,-14.876932,5.700441,fail
926,0.066204,-0.096765,-0.572320,1.537014,0.609425,soft
927,-0.282029,0.106735,-0.579785,0.718646,-3.472595,soft
928,0.305141,0.083392,-0.592865,-5.415949,4.487643,acceptable
929,0.016627,0.003064,-0.580047,-0.264291,0.257761,soft
930,-0.008568,0.003831,-0.579582,0.007388,-0.114384,soft
931,-0.007176,0.003008,-0.579752,0.010955,-0.096414,soft
932,0.002800,0.017355,-0.580238,-0.445343,0.101356,soft
933,-0.316399,0.088617,-0.585877,1.529266,-3.976481,soft
934,-0.112569,0.107797,-0.575453,-1.261195,-1.225346,soft
935,0.310452,0.436822,-0.603813,-13.586106,5.974533,fail
936,0.020985,0.037655,-0.583266,-1.134871,0.437502,soft
937,-0.024968,-0.018030,-0.581726,0.715491,-0.430738,soft
938,0.025087,-0.000522,-0.580648,-0.276065,0.370174,soft
939,-0.606207,1.324416,-0.593578,-20.787966,-0.683982,fail
940,0.378288,-0.018943,-0.584785,-3.870575,5.000964,soft
941,0.026110,0.012600,-0.581266,-0.599764,0.429562,soft
942,0.016951,-0.067151,-0.584697,1.398393,0.017146,soft
943,0.064142,-0.073415,-0.585928,1.005557,0.680349,soft
944,-0.002505,0.025208,-0.580880,-0.570946,0.049782,soft
945,-0.065112,0.050991,-0.584029,-0.463730,-0.778219,soft
946,0.007307,-0.013055,-0.580108,0.226727,0.063595,soft
947,-0.280740,-0.620732,-0.606258,17.220828,-4.857828,fail
948,0.053941,-0.051553,-0.583278,0.605378,0.614497,soft
949,-0.139304,0.080595,-0.574816,-0.307689,-1.713037,soft
950,-0.258636,0.041332,-0.575418,1.999394,-3.441852,soft
951,0.177235,0.679481,-0.600232,-17.571178,4.580787,fail
952,-0.016790,0.010863,-0.580308,-0.065429,-0.211801,soft
953,-0.204794,0.040507,-0.582291,1.389786,-2.760005,soft
954,-0.382542,-0.438499,-0.603042,14.368148,-6.408000,fail
955,0.076763,-0.992329,-0.598790,20.237325,-0.732367,fail
956,-0.003200,0.049103,-0.583170,-1.129339,0.122005,soft
957,0.069215,-0.062971,-0.585459,0.700251,0.790655,soft
958,-0.017551,0.042581,-0.582122,-0.810482,-0.111913,soft
959,0.011010,0.004738,-0.579854,-0.239559,0.180134,soft
960,0.011013,0.002257,-0.579819,-0.180524,0.171676,soft
961,-0.011337,-0.011466,-0.580125,0.403419,-0.207955,soft
962,-0.024010,-0.019730,-0.581834,0.744880,-0.422374,soft
963,0.373450,0.366635,-0.591891,-12.739421,6.505989,fail
964,-0.348363,0.089589,-0.576440,1.890500,-4.327762,soft
965,0.340183,0.156853,-0.593373,-7.517885,5.202891,acceptable
966,-0.362210,0.080314,-0.579310,2.260974,-4.534533,soft
967,-0.015918,0.006018,-0.580126,0.039874,-0.215767,soft
968,0.002898,-0.001359,-0.579467,-0.000989,0.038491,soft
969,-0.015995,-0.025803,-0.581695,0.797284,-0.325119,soft
970,0.005039,-0.052906,-0.583373,1.198331,-0.107950,soft
971,-0.013711,0.007413,-0.580139,-0.018709,-0.178231,soft
972,-0.025631,-0.003290,-0.580905,0.372958,-0.391000,soft
973,0.025916,0.000985,-0.580619,-0.321511,0.387865,soft
974,0.336185,-0.026571,-0.590896,-3.197982,4.473786,soft
975,0.012697,-0.037814,-0.581496,0.753323,0.057448,soft
976,-0.005909,-0.003427,-0.579630,0.149643,-0.099778,soft
977,-0.146804,0.083471,-0.575782,-0.289552,-1.805007,soft
978,-0.001949,0.036065,-0.581568,-0.835203,0.095346,soft
979,0.360851,-0.066310,-0.578867,-2.575863,4.593532,soft
980,-0.443609,-0.376553,-0.603819,13.602908,-6.698954,fail
981,0.022344,0.002891,-0.580478,-0.325802,0.341500,soft
982,-0.342145,0.013408,-0.577346,3.609574,-4.572509,soft
983,0.030864,-0.057990,-0.583301,1.022860,0.253537,soft
984,-0.021033,-0.017333,-0.581493,0.653904,-0.370666,soft
985,-0.353725,-0.406485,-0.595154,13.411298,-6.397280,fail
986,0.082032,-0.082614,-0.587757,1.017529,0.902028,soft
987,-0.028135,-0.002666,-0.580900,0.386933,-0.426096,soft
988,-0.264753,-0.080631,-0.584720,4.921115,-3.953217,soft
989,0.005582,-0.005390,-0.579753,0.064108,0.064522,soft
990,0.081805,-0.074338,-0.586383,0.825111,0.933988,soft
991,-0.049201,0.084088,-0.586653,-1.428574,-0.425774,soft
992,0.018704,-0.003927,-0.580166,-0.121699,0.264354,soft
993,0.207889,0.596908,-0.595688,-16.182354,5.406663,fail
994,0.026917,0.024756,-0.582323,-0.897409,0.481831,soft
995,0.006596,0.007056,-0.579972,-0.243913,0.122391,soft
996,-0.000959,-0.011238,-0.579959,0.278622,-0.052943,soft
997,0.301962,-0.119609,-0.584313,-0.639161,3.646741,soft
998,-0.416809,-0.646924,-0.601341,18.641908,-3.130420,fail
999,-0.013119,-0.016491,-0.580766,0.543242,-0.251250,soft
